Date,Open,High,Low,Close,Volume,Change,NC Soft: (대한민국),김택진: (대한민국),3N: (대한민국)
2021-01-04 00:00:00,949000.0,985000.0,935000.0,978000.0,151790.0,0.050483351235230955,NaN,NaN,NaN
2021-01-05 00:00:00,973000.0,993000.0,960000.0,985000.0,122865.0,0.007157464212679043,NaN,NaN,NaN
2021-01-06 00:00:00,991000.0,997000.0,950000.0,953000.0,169260.0,-0.03248730964467006,NaN,NaN,NaN
2021-01-07 00:00:00,962000.0,963000.0,939000.0,947000.0,118410.0,-0.006295907660020972,NaN,NaN,NaN
2021-01-08 00:00:00,956000.0,1000000.0,949000.0,995000.0,198693.0,0.05068637803590281,NaN,NaN,NaN
2021-01-11 00:00:00,993000.0,1006000.0,955000.0,978000.0,220317.0,-0.0170854271356784,NaN,NaN,NaN
2021-01-12 00:00:00,963000.0,969000.0,926000.0,947000.0,192743.0,-0.0316973415132924,NaN,NaN,NaN
2021-01-13 00:00:00,946000.0,955000.0,933000.0,940000.0,123066.0,-0.007391763463569179,NaN,NaN,NaN
2021-01-14 00:00:00,932000.0,946000.0,930000.0,939000.0,97237.0,-0.0010638297872340718,NaN,NaN,NaN
2021-01-15 00:00:00,946000.0,960000.0,933000.0,935000.0,110598.0,-0.004259850905218299,NaN,NaN,NaN
2021-01-18 00:00:00,935000.0,949000.0,927000.0,938000.0,100252.0,0.0032085561497325887,NaN,NaN,NaN
2021-01-19 00:00:00,949000.0,968000.0,944000.0,957000.0,100320.0,0.02025586353944564,NaN,NaN,NaN
2021-01-20 00:00:00,969000.0,969000.0,950000.0,965000.0,93411.0,0.008359456635318674,NaN,NaN,NaN
2021-01-21 00:00:00,961000.0,974000.0,959000.0,970000.0,68683.0,0.005181347150259086,NaN,NaN,NaN
2021-01-22 00:00:00,971000.0,1000000.0,963000.0,989000.0,135835.0,0.019587628865979312,NaN,NaN,NaN
2021-01-25 00:00:00,989000.0,996000.0,972000.0,995000.0,80768.0,0.006066734074823055,NaN,NaN,NaN
2021-01-26 00:00:00,992000.0,997000.0,950000.0,953000.0,127191.0,-0.042211055276381915,NaN,NaN,NaN
2021-01-27 00:00:00,963000.0,992000.0,962000.0,978000.0,108151.0,0.026232948583420734,NaN,NaN,NaN
2021-01-28 00:00:00,960000.0,985000.0,951000.0,968000.0,98895.0,-0.010224948875255602,NaN,NaN,NaN
2021-01-29 00:00:00,962000.0,967000.0,940000.0,953000.0,141061.0,-0.015495867768595017,NaN,NaN,NaN
2021-02-01 00:00:00,953000.0,953000.0,935000.0,953000.0,83021.0,0.0,NaN,NaN,NaN
2021-02-02 00:00:00,956000.0,995000.0,954000.0,984000.0,132535.0,0.03252885624344182,NaN,NaN,NaN
2021-02-03 00:00:00,1003000.0,1032000.0,997000.0,1008000.0,201313.0,0.024390243902439046,NaN,NaN,NaN
2021-02-04 00:00:00,1002000.0,1005000.0,958000.0,962000.0,138692.0,-0.045634920634920584,NaN,NaN,NaN
2021-02-05 00:00:00,970000.0,977000.0,959000.0,976000.0,74762.0,0.01455301455301461,NaN,NaN,NaN
2021-02-08 00:00:00,994000.0,1048000.0,991000.0,1038000.0,239999.0,0.06352459016393452,NaN,NaN,NaN
2021-02-09 00:00:00,1028000.0,1036000.0,1002000.0,1006000.0,135965.0,-0.030828516377649273,NaN,NaN,NaN
2021-02-10 00:00:00,1018000.0,1046000.0,993000.0,1027000.0,154288.0,0.020874751491053667,NaN,NaN,NaN
2021-02-15 00:00:00,1026000.0,1027000.0,993000.0,999000.0,111745.0,-0.027263875365141188,NaN,NaN,NaN
2021-02-16 00:00:00,1001000.0,1019000.0,993000.0,1015000.0,85534.0,0.0160160160160161,NaN,NaN,NaN
2021-02-17 00:00:00,993000.0,1005000.0,988000.0,999000.0,88009.0,-0.015763546798029604,NaN,NaN,NaN
2021-02-18 00:00:00,1005000.0,1009000.0,991000.0,995000.0,69587.0,-0.004004004004004025,NaN,NaN,NaN
2021-02-19 00:00:00,993000.0,1005000.0,975000.0,997000.0,82183.0,0.0020100502512563345,NaN,NaN,NaN
2021-02-22 00:00:00,993000.0,997000.0,929000.0,931000.0,216700.0,-0.06619859578736209,NaN,NaN,NaN
2021-02-23 00:00:00,934000.0,945000.0,927000.0,931000.0,127023.0,0.0,NaN,NaN,NaN
2021-02-24 00:00:00,941000.0,969000.0,930000.0,934000.0,161574.0,0.0032223415682062218,NaN,NaN,NaN
2021-02-25 00:00:00,963000.0,973000.0,951000.0,972000.0,95195.0,0.04068522483940051,NaN,NaN,NaN
2021-02-26 00:00:00,951000.0,964000.0,932000.0,936000.0,130379.0,-0.03703703703703709,NaN,NaN,NaN
2021-03-02 00:00:00,949000.0,980000.0,940000.0,946000.0,113384.0,0.010683760683760646,NaN,NaN,NaN
2021-03-03 00:00:00,948000.0,964000.0,943000.0,962000.0,69600.0,0.016913319238900604,NaN,NaN,NaN
2021-03-04 00:00:00,960000.0,972000.0,946000.0,960000.0,97325.0,-0.0020790020790020236,NaN,NaN,NaN
2021-03-05 00:00:00,947000.0,950000.0,926000.0,931000.0,127784.0,-0.03020833333333328,NaN,NaN,NaN
2021-03-08 00:00:00,931000.0,942000.0,926000.0,931000.0,86957.0,0.0,NaN,NaN,NaN
2021-03-09 00:00:00,934000.0,937000.0,927000.0,931000.0,92247.0,0.0,NaN,NaN,NaN
2021-03-10 00:00:00,936000.0,944000.0,928000.0,932000.0,70912.0,0.0010741138560688146,NaN,NaN,NaN
2021-03-11 00:00:00,931000.0,944000.0,927000.0,931000.0,97451.0,-0.0010729613733905241,NaN,NaN,NaN
2021-03-12 00:00:00,936000.0,945000.0,932000.0,935000.0,47055.0,0.004296455424275036,NaN,NaN,NaN
2021-03-15 00:00:00,935000.0,937000.0,927000.0,930000.0,58908.0,-0.005347593582887722,NaN,NaN,NaN
2021-03-16 00:00:00,935000.0,965000.0,930000.0,954000.0,82668.0,0.02580645161290329,NaN,NaN,NaN
2021-03-17 00:00:00,959000.0,972000.0,937000.0,940000.0,70627.0,-0.014675052410901501,NaN,NaN,NaN
2021-03-18 00:00:00,946000.0,956000.0,934000.0,939000.0,67977.0,-0.0010638297872340718,NaN,NaN,NaN
2021-03-19 00:00:00,931000.0,943000.0,929000.0,933000.0,75701.0,-0.006389776357827448,NaN,NaN,NaN
2021-03-22 00:00:00,933000.0,940000.0,927000.0,932000.0,90722.0,-0.001071811361200381,NaN,NaN,NaN
2021-03-23 00:00:00,932000.0,939000.0,930000.0,931000.0,78190.0,-0.0010729613733905241,NaN,NaN,NaN
2021-03-24 00:00:00,937000.0,939000.0,930000.0,936000.0,48361.0,0.005370569280343629,NaN,NaN,NaN
2021-03-25 00:00:00,932000.0,934000.0,892000.0,906000.0,190165.0,-0.03205128205128205,NaN,NaN,NaN
2021-03-26 00:00:00,902000.0,909000.0,884000.0,898000.0,173281.0,-0.008830022075055233,NaN,NaN,NaN
2021-03-29 00:00:00,890000.0,890000.0,829000.0,834000.0,343144.0,-0.07126948775055675,NaN,NaN,NaN
2021-03-30 00:00:00,834000.0,852000.0,834000.0,845000.0,180279.0,0.01318944844124692,NaN,NaN,NaN
2021-03-31 00:00:00,857000.0,884000.0,851000.0,873000.0,152553.0,0.03313609467455625,NaN,NaN,NaN
2021-04-01 00:00:00,885000.0,887000.0,868000.0,875000.0,91499.0,0.002290950744558984,NaN,NaN,NaN
2021-04-02 00:00:00,880000.0,895000.0,877000.0,885000.0,52468.0,0.011428571428571344,NaN,NaN,NaN
2021-04-05 00:00:00,885000.0,890000.0,875000.0,885000.0,39659.0,0.0,NaN,NaN,NaN
2021-04-06 00:00:00,880000.0,887000.0,868000.0,870000.0,79923.0,-0.016949152542372836,NaN,NaN,NaN
2021-04-07 00:00:00,870000.0,878000.0,861000.0,868000.0,65101.0,-0.0022988505747126853,NaN,NaN,NaN
2021-04-08 00:00:00,868000.0,900000.0,862000.0,899000.0,127478.0,0.03571428571428581,NaN,NaN,NaN
2021-04-09 00:00:00,899000.0,933000.0,891000.0,925000.0,109902.0,0.028921023359288034,NaN,NaN,NaN
2021-04-12 00:00:00,910000.0,923000.0,901000.0,906000.0,60204.0,-0.020540540540540553,NaN,NaN,NaN
2021-04-13 00:00:00,901000.0,914000.0,889000.0,914000.0,76606.0,0.008830022075055233,NaN,NaN,NaN
2021-04-14 00:00:00,905000.0,920000.0,904000.0,916000.0,57371.0,0.002188183807439792,NaN,NaN,NaN
2021-04-15 00:00:00,912000.0,930000.0,908000.0,920000.0,61393.0,0.004366812227074135,NaN,NaN,NaN
2021-04-16 00:00:00,918000.0,923000.0,911000.0,912000.0,81063.0,-0.008695652173912993,NaN,NaN,NaN
2021-04-19 00:00:00,907000.0,907000.0,890000.0,894000.0,85734.0,-0.019736842105263164,NaN,NaN,NaN
2021-04-20 00:00:00,894000.0,901000.0,880000.0,882000.0,89387.0,-0.01342281879194629,NaN,NaN,NaN
2021-04-21 00:00:00,882000.0,884000.0,855000.0,857000.0,132714.0,-0.028344671201814053,NaN,NaN,NaN
2021-04-22 00:00:00,859000.0,862000.0,845000.0,850000.0,118343.0,-0.008168028004667427,NaN,NaN,NaN
2021-04-23 00:00:00,854000.0,855000.0,845000.0,849000.0,64336.0,-0.0011764705882353343,NaN,NaN,NaN
2021-04-26 00:00:00,844000.0,861000.0,835000.0,861000.0,125444.0,0.014134275618374659,NaN,NaN,NaN
2021-04-27 00:00:00,859000.0,862000.0,851000.0,858000.0,53668.0,-0.0034843205574912606,NaN,NaN,NaN
2021-04-28 00:00:00,858000.0,858000.0,835000.0,835000.0,76542.0,-0.026806526806526842,NaN,NaN,NaN
2021-04-29 00:00:00,832000.0,847000.0,831000.0,837000.0,70652.0,0.0023952095808383866,NaN,NaN,NaN
2021-04-30 00:00:00,832000.0,846000.0,828000.0,830000.0,79050.0,-0.008363201911589013,NaN,NaN,NaN
2021-05-03 00:00:00,837000.0,837000.0,818000.0,820000.0,53108.0,-0.012048192771084376,NaN,NaN,NaN
2021-05-04 00:00:00,815000.0,820000.0,802000.0,818000.0,72026.0,-0.0024390243902439046,NaN,NaN,NaN
2021-05-06 00:00:00,813000.0,815000.0,801000.0,806000.0,86423.0,-0.014669926650366705,NaN,NaN,NaN
2021-05-07 00:00:00,806000.0,844000.0,806000.0,830000.0,95745.0,0.02977667493796532,NaN,NaN,NaN
2021-05-10 00:00:00,816000.0,885000.0,810000.0,878000.0,257577.0,0.05783132530120483,NaN,NaN,NaN
2021-05-11 00:00:00,869000.0,869000.0,843000.0,850000.0,107129.0,-0.03189066059225509,NaN,NaN,NaN
2021-05-12 00:00:00,848000.0,851000.0,838000.0,847000.0,82939.0,-0.003529411764705892,NaN,NaN,NaN
2021-05-13 00:00:00,846000.0,847000.0,835000.0,841000.0,106031.0,-0.00708382526564344,NaN,NaN,NaN
2021-05-14 00:00:00,833000.0,842000.0,831000.0,831000.0,91373.0,-0.01189060642092743,NaN,NaN,NaN
2021-05-17 00:00:00,828000.0,835000.0,804000.0,815000.0,84788.0,-0.019253910950661868,NaN,NaN,NaN
2021-05-18 00:00:00,818000.0,834000.0,816000.0,823000.0,72893.0,0.009815950920245342,NaN,NaN,NaN
2021-05-20 00:00:00,822000.0,835000.0,806000.0,822000.0,107149.0,-0.0012150668286755595,NaN,NaN,NaN
2021-05-21 00:00:00,832000.0,854000.0,832000.0,853000.0,146618.0,0.03771289537712885,NaN,NaN,NaN
2021-05-24 00:00:00,851000.0,851000.0,832000.0,846000.0,68299.0,-0.008206330597889777,NaN,NaN,NaN
2021-05-25 00:00:00,841000.0,865000.0,841000.0,859000.0,72102.0,0.015366430260047359,NaN,NaN,NaN
2021-05-26 00:00:00,860000.0,873000.0,850000.0,856000.0,58256.0,-0.0034924330616996624,NaN,NaN,NaN
2021-05-27 00:00:00,856000.0,870000.0,848000.0,851000.0,134891.0,-0.005841121495327117,NaN,NaN,NaN
2021-05-28 00:00:00,842000.0,863000.0,842000.0,852000.0,69042.0,0.001175088131609936,NaN,NaN,NaN
2021-05-31 00:00:00,867000.0,875000.0,857000.0,868000.0,80686.0,0.018779342723004744,NaN,NaN,NaN
2021-06-01 00:00:00,873000.0,877000.0,864000.0,872000.0,54286.0,0.004608294930875667,NaN,NaN,NaN
2021-06-02 00:00:00,873000.0,879000.0,850000.0,854000.0,62526.0,-0.020642201834862428,NaN,NaN,NaN
2021-06-03 00:00:00,854000.0,859000.0,846000.0,851000.0,50460.0,-0.003512880562060894,NaN,NaN,NaN
2021-06-04 00:00:00,842000.0,849000.0,834000.0,843000.0,74482.0,-0.009400705052878933,NaN,NaN,NaN
2021-06-07 00:00:00,840000.0,852000.0,838000.0,843000.0,50361.0,0.0,NaN,NaN,NaN
2021-06-08 00:00:00,841000.0,853000.0,839000.0,843000.0,43630.0,0.0,NaN,NaN,NaN
2021-06-09 00:00:00,844000.0,870000.0,843000.0,858000.0,78067.0,0.017793594306049876,NaN,NaN,NaN
2021-06-10 00:00:00,860000.0,864000.0,846000.0,849000.0,81019.0,-0.010489510489510523,NaN,NaN,NaN
2021-06-11 00:00:00,851000.0,861000.0,838000.0,841000.0,89254.0,-0.009422850412249661,NaN,NaN,NaN
2021-06-14 00:00:00,841000.0,864000.0,840000.0,858000.0,55683.0,0.02021403091557672,NaN,NaN,NaN
2021-06-15 00:00:00,860000.0,869000.0,850000.0,853000.0,70241.0,-0.005827505827505797,NaN,NaN,NaN
2021-06-16 00:00:00,848000.0,857000.0,843000.0,848000.0,52423.0,-0.0058616647127783805,NaN,NaN,NaN
2021-06-17 00:00:00,843000.0,844000.0,822000.0,824000.0,128351.0,-0.028301886792452824,NaN,NaN,NaN
2021-06-18 00:00:00,827000.0,831000.0,818000.0,818000.0,87955.0,-0.007281553398058249,NaN,NaN,NaN
2021-06-21 00:00:00,819000.0,824000.0,815000.0,820000.0,57153.0,0.0024449877750611915,NaN,NaN,NaN
2021-06-22 00:00:00,822000.0,823000.0,811000.0,812000.0,67222.0,-0.009756097560975618,NaN,NaN,NaN
2021-06-23 00:00:00,818000.0,832000.0,814000.0,825000.0,85430.0,0.016009852216748666,NaN,NaN,NaN
2021-06-24 00:00:00,831000.0,839000.0,823000.0,830000.0,62944.0,0.0060606060606061,NaN,NaN,NaN
2021-06-25 00:00:00,822000.0,826000.0,817000.0,826000.0,54054.0,-0.004819277108433773,NaN,NaN,NaN
2021-06-28 00:00:00,823000.0,830000.0,818000.0,823000.0,38667.0,-0.003631961259079941,NaN,NaN,NaN
2021-06-29 00:00:00,848000.0,848000.0,820000.0,822000.0,81336.0,-0.0012150668286755595,NaN,NaN,NaN
2021-06-30 00:00:00,822000.0,828000.0,819000.0,820000.0,58171.0,-0.0024330900243308973,NaN,NaN,NaN
2021-07-01 00:00:00,822000.0,839000.0,821000.0,834000.0,91901.0,0.017073170731707332,NaN,NaN,NaN
2021-07-02 00:00:00,831000.0,834000.0,816000.0,818000.0,74312.0,-0.01918465227817745,NaN,NaN,NaN
2021-07-05 00:00:00,813000.0,828000.0,813000.0,826000.0,70101.0,0.009779951100244544,NaN,NaN,NaN
2021-07-06 00:00:00,829000.0,846000.0,826000.0,839000.0,91810.0,0.0157384987893463,NaN,NaN,NaN
2021-07-07 00:00:00,845000.0,846000.0,828000.0,834000.0,106417.0,-0.005959475566150174,NaN,NaN,NaN
2021-07-08 00:00:00,831000.0,838000.0,826000.0,834000.0,72782.0,0.0,NaN,NaN,NaN
2021-07-09 00:00:00,829000.0,830000.0,797000.0,800000.0,168113.0,-0.04076738609112707,NaN,NaN,NaN
2021-07-12 00:00:00,800000.0,801000.0,770000.0,772000.0,153684.0,-0.03500000000000003,NaN,NaN,NaN
2021-07-13 00:00:00,774000.0,777000.0,765000.0,777000.0,77487.0,0.006476683937823857,NaN,NaN,NaN
2021-07-14 00:00:00,777000.0,792000.0,777000.0,778000.0,81156.0,0.0012870012870012104,NaN,NaN,NaN
2021-07-15 00:00:00,779000.0,813000.0,777000.0,804000.0,130217.0,0.033419023136246784,NaN,NaN,NaN
2021-07-16 00:00:00,818000.0,840000.0,806000.0,839000.0,215329.0,0.04353233830845782,NaN,NaN,NaN
2021-07-19 00:00:00,836000.0,843000.0,825000.0,827000.0,75493.0,-0.014302741358760418,NaN,NaN,NaN
2021-07-20 00:00:00,823000.0,835000.0,814000.0,819000.0,69730.0,-0.0096735187424426,NaN,NaN,NaN
2021-07-21 00:00:00,827000.0,830000.0,804000.0,809000.0,74161.0,-0.012210012210012167,NaN,NaN,NaN
2021-07-22 00:00:00,807000.0,808000.0,790000.0,794000.0,106312.0,-0.018541409147095234,NaN,NaN,NaN
2021-07-23 00:00:00,794000.0,812000.0,794000.0,812000.0,59714.0,0.02267002518891692,NaN,NaN,NaN
2021-07-26 00:00:00,816000.0,832000.0,816000.0,823000.0,84115.0,0.013546798029556717,NaN,NaN,NaN
2021-07-27 00:00:00,832000.0,832000.0,804000.0,806000.0,79839.0,-0.020656136087484844,NaN,NaN,NaN
2021-07-28 00:00:00,812000.0,818000.0,805000.0,809000.0,71311.0,0.003722084367245637,NaN,NaN,NaN
2021-07-29 00:00:00,818000.0,845000.0,812000.0,841000.0,131076.0,0.0395550061804697,NaN,NaN,NaN
2021-07-30 00:00:00,838000.0,846000.0,823000.0,824000.0,79822.0,-0.02021403091557672,NaN,NaN,NaN
2021-08-02 00:00:00,833000.0,833000.0,810000.0,824000.0,68330.0,0.0,NaN,NaN,NaN
2021-08-03 00:00:00,827000.0,828000.0,803000.0,810000.0,90490.0,-0.016990291262135915,NaN,NaN,NaN
2021-08-04 00:00:00,805000.0,813000.0,796000.0,812000.0,62411.0,0.0024691358024691024,NaN,NaN,NaN
2021-08-05 00:00:00,813000.0,820000.0,810000.0,817000.0,54637.0,0.006157635467980205,NaN,NaN,NaN
2021-08-06 00:00:00,817000.0,824000.0,812000.0,823000.0,56948.0,0.007343941248469932,NaN,NaN,NaN
2021-08-09 00:00:00,811000.0,823000.0,810000.0,822000.0,57545.0,-0.0012150668286755595,NaN,NaN,NaN
2021-08-10 00:00:00,819000.0,827000.0,812000.0,815000.0,48300.0,-0.008515815085158196,NaN,NaN,NaN
2021-08-11 00:00:00,813000.0,814000.0,784000.0,790000.0,140713.0,-0.030674846625766916,NaN,NaN,NaN
2021-08-12 00:00:00,796000.0,806000.0,774000.0,806000.0,132552.0,0.020253164556962133,NaN,NaN,NaN
2021-08-13 00:00:00,806000.0,806000.0,780000.0,786000.0,106869.0,-0.02481389578163773,NaN,NaN,NaN
2021-08-17 00:00:00,786000.0,793000.0,766000.0,771000.0,96478.0,-0.01908396946564883,NaN,NaN,NaN
2021-08-18 00:00:00,766000.0,790000.0,763000.0,788000.0,97227.0,0.02204928664072625,NaN,NaN,NaN
2021-08-19 00:00:00,780000.0,858000.0,776000.0,853000.0,462871.0,0.0824873096446701,NaN,NaN,NaN
2021-08-20 00:00:00,859000.0,860000.0,820000.0,826000.0,213974.0,-0.03165298944900352,NaN,NaN,NaN
2021-08-23 00:00:00,835000.0,843000.0,820000.0,824000.0,98003.0,-0.002421307506053294,NaN,NaN,NaN
2021-08-24 00:00:00,829000.0,853000.0,822000.0,847000.0,148646.0,0.027912621359223344,NaN,NaN,NaN
2021-08-25 00:00:00,845000.0,853000.0,833000.0,837000.0,112832.0,-0.011806375442739103,NaN,NaN,NaN
2021-08-26 00:00:00,776000.0,788000.0,706000.0,709000.0,1048836.0,-0.15292712066905612,NaN,NaN,NaN
2021-08-27 00:00:00,686000.0,693000.0,650000.0,659000.0,1048784.0,-0.07052186177715092,NaN,NaN,NaN
2021-08-30 00:00:00,660000.0,661000.0,634000.0,649000.0,647555.0,-0.015174506828528056,NaN,NaN,NaN
2021-08-31 00:00:00,645000.0,660000.0,644000.0,660000.0,536884.0,0.016949152542372836,NaN,NaN,NaN
2021-09-01 00:00:00,652000.0,655000.0,635000.0,637000.0,416109.0,-0.034848484848484795,NaN,NaN,NaN
2021-09-02 00:00:00,635000.0,644000.0,627000.0,633000.0,325788.0,-0.006279434850863463,NaN,NaN,NaN
2021-09-03 00:00:00,633000.0,639000.0,621000.0,622000.0,339807.0,-0.017377567140600347,NaN,NaN,NaN
2021-09-06 00:00:00,623000.0,634000.0,621000.0,633000.0,318363.0,0.01768488745980701,NaN,NaN,NaN
2021-09-07 00:00:00,636000.0,637000.0,612000.0,616000.0,404637.0,-0.026856240126382325,NaN,NaN,NaN
2021-09-08 00:00:00,625000.0,626000.0,612000.0,612000.0,356279.0,-0.00649350649350644,NaN,NaN,NaN
2021-09-09 00:00:00,606000.0,613000.0,599000.0,611000.0,402540.0,-0.0016339869281045694,NaN,NaN,NaN
2021-09-10 00:00:00,608000.0,611000.0,601000.0,607000.0,192941.0,-0.006546644844517169,NaN,NaN,NaN
2021-09-13 00:00:00,608000.0,613000.0,585000.0,591000.0,311165.0,-0.02635914332784184,NaN,NaN,NaN
2021-09-14 00:00:00,587000.0,604000.0,585000.0,599000.0,215604.0,0.013536379018612488,NaN,NaN,NaN
2021-09-15 00:00:00,592000.0,603000.0,592000.0,596000.0,153174.0,-0.005008347245408995,NaN,NaN,NaN
2021-09-16 00:00:00,598000.0,602000.0,585000.0,589000.0,156629.0,-0.011744966442952975,NaN,NaN,NaN
2021-09-17 00:00:00,588000.0,592000.0,580000.0,587000.0,197939.0,-0.00339558573853993,NaN,NaN,NaN
2021-09-23 00:00:00,580000.0,599000.0,579000.0,584000.0,229079.0,-0.005110732538330498,NaN,NaN,NaN
2021-09-24 00:00:00,584000.0,599000.0,584000.0,596000.0,211003.0,0.020547945205479534,NaN,NaN,NaN
2021-09-27 00:00:00,592000.0,598000.0,582000.0,583000.0,169276.0,-0.021812080536912748,NaN,NaN,NaN
2021-09-28 00:00:00,582000.0,585000.0,571000.0,571000.0,167510.0,-0.020583190394511175,NaN,NaN,NaN
2021-09-29 00:00:00,561000.0,577000.0,558000.0,574000.0,172387.0,0.005253940455341555,NaN,NaN,NaN
2021-09-30 00:00:00,573000.0,618000.0,573000.0,603000.0,553567.0,0.05052264808362361,NaN,NaN,NaN
2021-10-01 00:00:00,608000.0,610000.0,593000.0,595000.0,236723.0,-0.013266998341625258,NaN,NaN,NaN
2021-10-05 00:00:00,586000.0,595000.0,562000.0,563000.0,264045.0,-0.05378151260504205,NaN,NaN,NaN
2021-10-06 00:00:00,565000.0,577000.0,559000.0,560000.0,196509.0,-0.005328596802841923,NaN,NaN,NaN
2021-10-07 00:00:00,561000.0,581000.0,561000.0,571000.0,181281.0,0.019642857142857073,NaN,NaN,NaN
2021-10-08 00:00:00,571000.0,585000.0,566000.0,578000.0,101743.0,0.012259194395796813,NaN,NaN,NaN
2021-10-12 00:00:00,573000.0,578000.0,555000.0,558000.0,151971.0,-0.03460207612456745,NaN,NaN,NaN
2021-10-13 00:00:00,559000.0,581000.0,559000.0,576000.0,158836.0,0.032258064516129004,NaN,NaN,NaN
2021-10-14 00:00:00,573000.0,584000.0,573000.0,582000.0,113142.0,0.01041666666666674,NaN,NaN,NaN
2021-10-15 00:00:00,585000.0,611000.0,585000.0,607000.0,246295.0,0.04295532646048117,NaN,NaN,NaN
2021-10-18 00:00:00,610000.0,610000.0,593000.0,596000.0,150754.0,-0.018121911037891292,NaN,NaN,NaN
2021-10-19 00:00:00,610000.0,630000.0,609000.0,629000.0,297797.0,0.05536912751677847,NaN,NaN,NaN
2021-10-20 00:00:00,632000.0,639000.0,619000.0,624000.0,206803.0,-0.007949125596184436,NaN,NaN,NaN
2021-10-21 00:00:00,624000.0,630000.0,617000.0,619000.0,117132.0,-0.008012820512820484,NaN,NaN,NaN
2021-10-22 00:00:00,615000.0,628000.0,615000.0,628000.0,98729.0,0.01453957996768973,NaN,NaN,NaN
2021-10-25 00:00:00,627000.0,631000.0,615000.0,622000.0,109647.0,-0.009554140127388533,NaN,NaN,NaN
2021-10-26 00:00:00,625000.0,632000.0,620000.0,627000.0,144237.0,0.008038585209003246,NaN,NaN,NaN
2021-10-27 00:00:00,627000.0,642000.0,624000.0,639000.0,170523.0,0.019138755980861344,NaN,NaN,NaN
2021-10-28 00:00:00,638000.0,639000.0,621000.0,621000.0,146467.0,-0.028169014084507005,NaN,NaN,NaN
2021-10-29 00:00:00,625000.0,633000.0,615000.0,627000.0,135990.0,0.009661835748792313,NaN,NaN,NaN
2021-11-01 00:00:00,633000.0,654000.0,625000.0,648000.0,255925.0,0.03349282296650724,NaN,NaN,NaN
2021-11-02 00:00:00,648000.0,651000.0,638000.0,643000.0,196240.0,-0.007716049382716084,NaN,NaN,NaN
2021-11-03 00:00:00,644000.0,667000.0,634000.0,657000.0,460304.0,0.021772939346811793,NaN,NaN,NaN
2021-11-04 00:00:00,610000.0,630000.0,567000.0,595000.0,1349029.0,-0.0943683409436834,NaN,NaN,NaN
2021-11-05 00:00:00,603000.0,631000.0,595000.0,624000.0,713135.0,0.04873949579831938,NaN,NaN,NaN
2021-11-08 00:00:00,665000.0,665000.0,618000.0,629000.0,621616.0,0.008012820512820484,NaN,NaN,NaN
2021-11-09 00:00:00,629000.0,638000.0,620000.0,627000.0,229981.0,-0.0031796502384737746,NaN,NaN,NaN
2021-11-10 00:00:00,623000.0,627000.0,594000.0,605000.0,371237.0,-0.03508771929824561,NaN,NaN,NaN
2021-11-11 00:00:00,590000.0,786000.0,589000.0,786000.0,3655331.0,0.29917355371900833,NaN,NaN,NaN
2021-11-12 00:00:00,757000.0,776000.0,694000.0,715000.0,1418735.0,-0.0903307888040712,NaN,NaN,NaN
2021-11-15 00:00:00,707000.0,738000.0,648000.0,660000.0,1243312.0,-0.07692307692307687,NaN,NaN,NaN
2021-11-16 00:00:00,670000.0,712000.0,660000.0,705000.0,881816.0,0.06818181818181812,NaN,NaN,NaN
2021-11-17 00:00:00,713000.0,739000.0,712000.0,725000.0,595201.0,0.028368794326241176,NaN,NaN,NaN
2021-11-18 00:00:00,734000.0,770000.0,715000.0,760000.0,687280.0,0.048275862068965614,NaN,NaN,NaN
2021-11-19 00:00:00,750000.0,773000.0,747000.0,750000.0,287805.0,-0.013157894736842146,NaN,NaN,NaN
2021-11-22 00:00:00,729000.0,749000.0,706000.0,748000.0,353347.0,-0.002666666666666706,NaN,NaN,NaN
2021-11-23 00:00:00,733000.0,749000.0,704000.0,708000.0,333227.0,-0.053475935828877,NaN,NaN,NaN
2021-11-24 00:00:00,708000.0,724000.0,704000.0,710000.0,215946.0,0.0028248587570620654,NaN,NaN,NaN
2021-11-25 00:00:00,722000.0,736000.0,697000.0,700000.0,293337.0,-0.014084507042253502,NaN,NaN,NaN
2021-11-26 00:00:00,706000.0,719000.0,688000.0,695000.0,251704.0,-0.0071428571428571175,NaN,NaN,NaN
2021-11-29 00:00:00,683000.0,711000.0,682000.0,689000.0,291632.0,-0.008633093525179825,NaN,NaN,NaN
2021-11-30 00:00:00,693000.0,704000.0,681000.0,681000.0,346895.0,-0.011611030478954953,NaN,NaN,NaN
2021-12-01 00:00:00,695000.0,718000.0,686000.0,701000.0,288900.0,0.029368575624082238,NaN,NaN,NaN
2021-12-02 00:00:00,701000.0,709000.0,673000.0,690000.0,229201.0,-0.015691868758915817,NaN,NaN,NaN
2021-12-03 00:00:00,706000.0,739000.0,699000.0,728000.0,352625.0,0.05507246376811592,NaN,NaN,NaN
2021-12-06 00:00:00,724000.0,731000.0,710000.0,712000.0,168956.0,-0.02197802197802201,NaN,NaN,NaN
2021-12-07 00:00:00,723000.0,736000.0,712000.0,717000.0,222365.0,0.0070224719101124045,NaN,NaN,NaN
2021-12-08 00:00:00,731000.0,747000.0,726000.0,732000.0,279082.0,0.02092050209205021,NaN,NaN,NaN
2021-12-09 00:00:00,742000.0,753000.0,728000.0,737000.0,279949.0,0.006830601092896238,NaN,NaN,NaN
2021-12-10 00:00:00,737000.0,742000.0,722000.0,727000.0,157302.0,-0.013568521031207648,NaN,NaN,NaN
2021-12-13 00:00:00,727000.0,730000.0,710000.0,714000.0,149373.0,-0.017881705639614887,NaN,NaN,NaN
2021-12-14 00:00:00,710000.0,711000.0,688000.0,697000.0,190779.0,-0.023809523809523836,NaN,NaN,NaN
2021-12-15 00:00:00,690000.0,697000.0,667000.0,673000.0,266446.0,-0.03443328550932567,NaN,NaN,NaN
2021-12-16 00:00:00,674000.0,680000.0,661000.0,680000.0,211953.0,0.010401188707280795,NaN,NaN,NaN
2021-12-17 00:00:00,669000.0,679000.0,666000.0,670000.0,232203.0,-0.014705882352941124,NaN,NaN,NaN
2021-12-20 00:00:00,667000.0,675000.0,655000.0,655000.0,142411.0,-0.02238805970149249,NaN,NaN,NaN
2021-12-21 00:00:00,654000.0,672000.0,648000.0,663000.0,105016.0,0.012213740458015376,NaN,NaN,NaN
2021-12-22 00:00:00,670000.0,677000.0,664000.0,665000.0,74586.0,0.003016591251885359,NaN,NaN,NaN
2021-12-23 00:00:00,665000.0,671000.0,651000.0,656000.0,124253.0,-0.013533834586466176,NaN,NaN,NaN
2021-12-24 00:00:00,658000.0,666000.0,654000.0,656000.0,88674.0,0.0,NaN,NaN,NaN
2021-12-27 00:00:00,658000.0,662000.0,646000.0,657000.0,99039.0,0.0015243902439023849,NaN,NaN,NaN
2021-12-28 00:00:00,660000.0,661000.0,653000.0,656000.0,109106.0,-0.0015220700152207556,NaN,NaN,NaN
2021-12-29 00:00:00,661000.0,665000.0,656000.0,660000.0,106055.0,0.0060975609756097615,NaN,NaN,NaN
2021-12-30 00:00:00,660000.0,660000.0,643000.0,643000.0,135434.0,-0.025757575757575757,NaN,NaN,NaN
2022-01-03 00:00:00,645000.0,689000.0,644000.0,667000.0,237394.0,0.03732503888024885,NaN,NaN,NaN
2022-01-04 00:00:00,662000.0,669000.0,654000.0,657000.0,111602.0,-0.014992503748125885,NaN,NaN,NaN
2022-01-05 00:00:00,652000.0,654000.0,622000.0,625000.0,196204.0,-0.0487062404870624,NaN,NaN,NaN
2022-01-06 00:00:00,617000.0,622000.0,599000.0,601000.0,206173.0,-0.03839999999999999,NaN,NaN,NaN
2022-01-07 00:00:00,606000.0,620000.0,603000.0,606000.0,125308.0,0.008319467554076532,NaN,NaN,NaN
2022-01-10 00:00:00,604000.0,619000.0,600000.0,614000.0,101203.0,0.013201320132013139,NaN,NaN,NaN
2022-01-11 00:00:00,609000.0,622000.0,601000.0,604000.0,146671.0,-0.016286644951140072,NaN,NaN,NaN
2022-01-12 00:00:00,609000.0,623000.0,608000.0,616000.0,113698.0,0.019867549668874274,NaN,NaN,NaN
2022-01-13 00:00:00,611000.0,618000.0,604000.0,605000.0,138024.0,-0.017857142857142905,NaN,NaN,NaN
2022-01-14 00:00:00,598000.0,599000.0,572000.0,583000.0,232460.0,-0.036363636363636376,NaN,NaN,NaN
2022-01-17 00:00:00,574000.0,595000.0,573000.0,588000.0,101567.0,0.00857632933104635,NaN,NaN,NaN
2022-01-18 00:00:00,587000.0,599000.0,576000.0,578000.0,81971.0,-0.017006802721088454,NaN,NaN,NaN
2022-01-19 00:00:00,578000.0,584000.0,574000.0,582000.0,108563.0,0.006920415224913601,NaN,NaN,NaN
2022-01-20 00:00:00,582000.0,585000.0,568000.0,578000.0,126446.0,-0.0068728522336769515,NaN,NaN,NaN
2022-01-21 00:00:00,572000.0,582000.0,563000.0,565000.0,192639.0,-0.02249134948096887,NaN,NaN,NaN
2022-01-24 00:00:00,564000.0,576000.0,563000.0,567000.0,142063.0,0.003539823008849474,NaN,NaN,NaN
2022-01-25 00:00:00,573000.0,579000.0,557000.0,558000.0,178822.0,-0.015873015873015928,NaN,NaN,NaN
2022-01-26 00:00:00,558000.0,572000.0,558000.0,562000.0,132939.0,0.007168458781362075,NaN,NaN,NaN
2022-01-27 00:00:00,563000.0,565000.0,531000.0,536000.0,225429.0,-0.0462633451957295,NaN,NaN,NaN
2022-01-28 00:00:00,537000.0,544000.0,522000.0,536000.0,230623.0,0.0,NaN,NaN,NaN
2022-02-03 00:00:00,537000.0,545000.0,525000.0,532000.0,238330.0,-0.007462686567164201,NaN,NaN,NaN
2022-02-04 00:00:00,532000.0,537000.0,517000.0,530000.0,310866.0,-0.003759398496240629,NaN,NaN,NaN
2022-02-07 00:00:00,535000.0,546000.0,529000.0,540000.0,201268.0,0.018867924528301883,NaN,NaN,NaN
2022-02-08 00:00:00,543000.0,557000.0,535000.0,540000.0,149213.0,0.0,NaN,NaN,NaN
2022-02-09 00:00:00,546000.0,549000.0,537000.0,540000.0,85492.0,0.0,NaN,NaN,NaN
2022-02-10 00:00:00,551000.0,565000.0,546000.0,550000.0,251453.0,0.0185185185185186,NaN,NaN,NaN
2022-02-11 00:00:00,541000.0,543000.0,509000.0,511000.0,623308.0,-0.07090909090909092,NaN,NaN,NaN
2022-02-14 00:00:00,499500.0,513000.0,497000.0,510000.0,217183.0,-0.00195694716242667,NaN,NaN,NaN
2022-02-15 00:00:00,510000.0,529000.0,509000.0,513000.0,181104.0,0.00588235294117645,NaN,NaN,NaN
2022-02-16 00:00:00,482500.0,497000.0,474500.0,492500.0,538594.0,-0.0399610136452242,NaN,NaN,NaN
2022-02-17 00:00:00,493500.0,512000.0,488000.0,501000.0,265895.0,0.01725888324873104,NaN,NaN,NaN
2022-02-18 00:00:00,493500.0,497000.0,487000.0,492500.0,242560.0,-0.01696606786427146,NaN,NaN,NaN
2022-02-21 00:00:00,488000.0,488000.0,478000.0,484000.0,246768.0,-0.017258883248730927,NaN,NaN,NaN
2022-02-22 00:00:00,472000.0,472500.0,459000.0,462500.0,331754.0,-0.044421487603305776,NaN,NaN,NaN
2022-02-23 00:00:00,466000.0,466500.0,461000.0,463500.0,243012.0,0.00216216216216214,NaN,NaN,NaN
2022-02-24 00:00:00,455000.0,457000.0,443500.0,448500.0,324246.0,-0.032362459546925515,NaN,NaN,NaN
2022-02-25 00:00:00,452500.0,454000.0,442500.0,444000.0,327605.0,-0.010033444816053505,NaN,NaN,NaN
2022-02-28 00:00:00,435000.0,447500.0,432000.0,443500.0,457922.0,-0.0011261261261261701,NaN,NaN,NaN
2022-03-02 00:00:00,448000.0,458000.0,446000.0,452000.0,206859.0,0.01916572717023679,NaN,NaN,NaN
2022-03-03 00:00:00,455000.0,460000.0,450500.0,459500.0,125339.0,0.0165929203539823,NaN,NaN,NaN
2022-03-04 00:00:00,457500.0,457500.0,436500.0,437000.0,250754.0,-0.04896626768226331,NaN,NaN,NaN
2022-03-07 00:00:00,430000.0,432000.0,423000.0,424500.0,162273.0,-0.028604118993134975,NaN,NaN,NaN
2022-03-08 00:00:00,417000.0,437000.0,417000.0,430500.0,186265.0,0.014134275618374659,NaN,NaN,NaN
2022-03-10 00:00:00,439500.0,452000.0,439500.0,443500.0,237760.0,0.030197444831591147,NaN,NaN,NaN
2022-03-11 00:00:00,449500.0,460000.0,444500.0,452000.0,210603.0,0.01916572717023679,NaN,NaN,NaN
2022-03-14 00:00:00,457000.0,458000.0,442500.0,444500.0,158520.0,-0.0165929203539823,NaN,NaN,NaN
2022-03-15 00:00:00,440000.0,445000.0,432000.0,440000.0,106615.0,-0.010123734533183382,NaN,NaN,NaN
2022-03-16 00:00:00,444500.0,448500.0,435500.0,440000.0,112638.0,0.0,NaN,NaN,NaN
2022-03-17 00:00:00,448500.0,476500.0,448500.0,467000.0,270376.0,0.06136363636363629,NaN,NaN,NaN
2022-03-18 00:00:00,471000.0,472000.0,462500.0,467000.0,129658.0,0.0,NaN,NaN,NaN
2021-03-21 00:00:00,NaN,NaN,NaN,NaN,NaN,NaN,7.0,45.0,7.0
2021-03-28 00:00:00,NaN,NaN,NaN,NaN,NaN,NaN,15.0,30.0,8.0
2021-04-04 00:00:00,NaN,NaN,NaN,NaN,NaN,NaN,2.0,15.0,2.0
2021-04-11 00:00:00,NaN,NaN,NaN,NaN,NaN,NaN,7.0,22.0,12.0
2021-04-18 00:00:00,NaN,NaN,NaN,NaN,NaN,NaN,3.0,10.0,20.0
2021-04-25 00:00:00,NaN,NaN,NaN,NaN,NaN,NaN,7.0,2.0,10.0
2021-05-02 00:00:00,NaN,NaN,NaN,NaN,NaN,NaN,5.0,3.0,3.0
2021-05-09 00:00:00,NaN,NaN,NaN,NaN,NaN,NaN,12.0,7.0,15.0
2021-05-16 00:00:00,NaN,NaN,NaN,NaN,NaN,NaN,5.0,10.0,10.0
2021-05-23 00:00:00,NaN,NaN,NaN,NaN,NaN,NaN,2.0,17.0,7.0
2021-05-30 00:00:00,NaN,NaN,NaN,NaN,NaN,NaN,2.0,10.0,12.0
2021-06-06 00:00:00,NaN,NaN,NaN,NaN,NaN,NaN,10.0,2.0,15.0
2021-06-13 00:00:00,NaN,NaN,NaN,NaN,NaN,NaN,5.0,7.0,10.0
2021-06-20 00:00:00,NaN,NaN,NaN,NaN,NaN,NaN,0.0,13.0,5.0
2021-06-27 00:00:00,NaN,NaN,NaN,NaN,NaN,NaN,3.0,13.0,3.0
2021-07-04 00:00:00,NaN,NaN,NaN,NaN,NaN,NaN,3.0,10.0,5.0
2021-07-11 00:00:00,NaN,NaN,NaN,NaN,NaN,NaN,7.0,31.0,7.0
2021-07-18 00:00:00,NaN,NaN,NaN,NaN,NaN,NaN,8.0,16.0,10.0
2021-07-25 00:00:00,NaN,NaN,NaN,NaN,NaN,NaN,3.0,8.0,0.0
2021-08-01 00:00:00,NaN,NaN,NaN,NaN,NaN,NaN,16.0,18.0,8.0
2021-08-08 00:00:00,NaN,NaN,NaN,NaN,NaN,NaN,3.0,18.0,21.0
2021-08-15 00:00:00,NaN,NaN,NaN,NaN,NaN,NaN,0.0,15.0,8.0
2021-08-22 00:00:00,NaN,NaN,NaN,NaN,NaN,NaN,29.0,47.0,15.0
2021-08-29 00:00:00,NaN,NaN,NaN,NaN,NaN,NaN,15.0,79.0,10.0
2021-09-05 00:00:00,NaN,NaN,NaN,NaN,NaN,NaN,11.0,35.0,8.0
2021-09-12 00:00:00,NaN,NaN,NaN,NaN,NaN,NaN,13.0,97.0,13.0
2021-09-19 00:00:00,NaN,NaN,NaN,NaN,NaN,NaN,0.0,49.0,9.0
2021-09-26 00:00:00,NaN,NaN,NaN,NaN,NaN,NaN,16.0,30.0,11.0
2021-10-03 00:00:00,NaN,NaN,NaN,NaN,NaN,NaN,8.0,33.0,5.0
2021-10-10 00:00:00,NaN,NaN,NaN,NaN,NaN,NaN,5.0,8.0,3.0
2021-10-17 00:00:00,NaN,NaN,NaN,NaN,NaN,NaN,8.0,5.0,14.0
2021-10-24 00:00:00,NaN,NaN,NaN,NaN,NaN,NaN,6.0,11.0,8.0
2021-10-31 00:00:00,NaN,NaN,NaN,NaN,NaN,NaN,6.0,64.0,11.0
2021-11-07 00:00:00,NaN,NaN,NaN,NaN,NaN,NaN,14.0,14.0,5.0
2021-11-14 00:00:00,NaN,NaN,NaN,NaN,NaN,NaN,5.0,16.0,3.0
2021-11-21 00:00:00,NaN,NaN,NaN,NaN,NaN,NaN,11.0,14.0,8.0
2021-11-28 00:00:00,NaN,NaN,NaN,NaN,NaN,NaN,3.0,8.0,11.0
2021-12-05 00:00:00,NaN,NaN,NaN,NaN,NaN,NaN,0.0,3.0,3.0
2021-12-12 00:00:00,NaN,NaN,NaN,NaN,NaN,NaN,0.0,8.0,8.0
2021-12-19 00:00:00,NaN,NaN,NaN,NaN,NaN,NaN,3.0,8.0,11.0
2021-12-26 00:00:00,NaN,NaN,NaN,NaN,NaN,NaN,0.0,0.0,3.0
2022-01-02 00:00:00,NaN,NaN,NaN,NaN,NaN,NaN,0.0,8.0,6.0
2022-01-09 00:00:00,NaN,NaN,NaN,NaN,NaN,NaN,0.0,8.0,5.0
2022-01-16 00:00:00,NaN,NaN,NaN,NaN,NaN,NaN,0.0,3.0,3.0
2022-01-23 00:00:00,NaN,NaN,NaN,NaN,NaN,NaN,3.0,5.0,5.0
2022-01-30 00:00:00,NaN,NaN,NaN,NaN,NaN,NaN,0.0,3.0,6.0
2022-02-06 00:00:00,NaN,NaN,NaN,NaN,NaN,NaN,3.0,14.0,8.0
2022-02-13 00:00:00,NaN,NaN,NaN,NaN,NaN,NaN,8.0,5.0,3.0
2022-02-20 00:00:00,NaN,NaN,NaN,NaN,NaN,NaN,3.0,13.0,8.0
2022-02-27 00:00:00,NaN,NaN,NaN,NaN,NaN,NaN,0.0,100.0,8.0
2022-03-06 00:00:00,NaN,NaN,NaN,NaN,NaN,NaN,5.0,13.0,16.0
2022-03-13 00:00:00,NaN,NaN,NaN,NaN,NaN,NaN,0.0,6.0,6.0